Account;Symbol;Contract;Entry Date;Entry Price;Exit Date;Exit Price;Side;Quantity;Gross P/L;Net P/L
202604033096;ES;/ESM26:XCME;2026-04-06 14:38:27;6637.75;2026-04-06 14:38:53;6632;SELL;-1;287.5;282.5
202604033096;MNQ;/MNQM26:XCME;2026-04-07 16:35:22;24209.5;2026-04-07 16:39:30;24179.25;BUY;1;-60.5;-62.1
202604033096;MNQ;/MNQM26:XCME;2026-04-07 17:00:31;24234.25;2026-04-07 17:13:53;24204.25;BUY;1;-60;-61.6
202604033096;MNQ;/MNQM26:XCME;2026-04-07 16:46:26;24225.25;2026-04-07 17:13:53;24204.25;BUY;1;-42;-43.6
202604033096;MNQ;/MNQM26:XCME;2026-04-07 17:53:44;24248;2026-04-07 17:57:12;24229.5;BUY;1;-37;-38.6
202604033096;MNQ;/MNQM26:XCME;2026-04-07 18:59:04;24096.5;2026-04-07 19:06:19;24087.75;BUY;1;-17.5;-19.1
202604033096;MNQ;/MNQM26:XCME;2026-04-07 19:10:34;24117.75;2026-04-07 19:21:12;24229.5;BUY;1;223.5;221.9
202604033096;MNQ;/MNQM26:XCME;2026-04-07 19:44:22;24232;2026-04-07 19:45:58;24320.5;BUY;1;177;175.4
202604033096;MNQ;/MNQM26:XCME;2026-04-07 19:41:06;24219.25;2026-04-07 19:56:23;24350;BUY;1;261.5;259.9
202604033096;MES;/MESM26:XCME;2026-04-08 17:39:51;6818.5;2026-04-08 17:41:15;6820.5;SELL;-1;-10;-11.6
202604033096;MES;/MESM26:XCME;2026-04-08 17:38:00;6816;2026-04-08 17:41:15;6820.5;SELL;-1;-22.5;-24.1
202604033096;MES;/MESM26:XCME;2026-04-08 17:37:47;6813.5;2026-04-08 17:41:15;6820.5;SELL;-1;-35;-36.6
202604033096;MES;/MESM26:XCME;2026-04-08 17:51:32;6821.25;2026-04-08 17:58:18;6823.25;SELL;-1;-10;-11.6
202604033096;MES;/MESM26:XCME;2026-04-08 17:51:31;6820.75;2026-04-08 17:58:18;6823.25;SELL;-1;-12.5;-14.1
202604033096;MES;/MESM26:XCME;2026-04-08 18:05:27;6828.25;2026-04-08 18:06:35;6827;BUY;1;-6.25;-7.85
202604033096;MNQ;/MNQM26:XCME;2026-04-08 18:23:02;25065;2026-04-08 18:31:18;25071;SELL;-1;-12;-13.6
202604033096;MNQ;/MNQM26:XCME;2026-04-08 18:39:07;25049.75;2026-04-08 19:01:14;24961;SELL;-1;177.5;175.9
202604033096;MNQ;/MNQM26:XCME;2026-04-08 19:23:49;24968.75;2026-04-08 19:31:02;24986.25;SELL;-1;-35;-36.6
202604033096;MNQ;/MNQM26:XCME;2026-04-08 19:40:25;24998.75;2026-04-08 19:43:58;25007;SELL;-1;-16.5;-18.1
202604033096;MNQ;/MNQM26:XCME;2026-04-08 19:46:19;25031.5;2026-04-08 19:46:59;25027.5;BUY;1;-8;-9.6
202604033096;MNQ;/MNQM26:XCME;2026-04-08 19:52:50;25032.75;2026-04-08 19:53:47;25047;SELL;-1;-28.5;-30.1
202604033096;MNQ;/MNQM26:XCME;2026-04-10 16:50:58;25255.75;2026-04-10 16:51:12;25256;SELL;-2;-1;-4.2
202604033096;MNQ;/MNQM26:XCME;2026-04-10 16:51:32;25250.75;2026-04-10 17:12:58;25246;SELL;-2;19;15.8
202604033096;MNQ;/MNQM26:XCME;2026-04-10 17:30:01;25229.5;2026-04-10 17:50:25;25260.75;SELL;-1;-62.5;-64.1
202604033096;MNQ;/MNQM26:XCME;2026-04-10 17:23:30;25238;2026-04-10 17:50:25;25260.75;SELL;-1;-45.5;-47.1
202604033096;MNQ;/MNQM26:XCME;2026-04-10 18:11:13;25257.25;2026-04-10 18:15:22;25263.75;SELL;-1;-13;-14.6
202604033096;MNQ;/MNQM26:XCME;2026-04-10 18:08:21;25243.75;2026-04-10 18:15:22;25263.75;SELL;-1;-40;-41.6
202604033096;MES;/MESM26:XCME;2026-04-10 18:38:15;6854.75;2026-04-10 19:02:18;6857.75;SELL;-1;-15;-16.6
202604033096;MES;/MESM26:XCME;2026-04-13 17:57:18;6882.75;2026-04-13 18:25:25;6884.75;BUY;1;10;8.4
202604033096;MES;/MESM26:XCME;2026-04-13 18:35:53;6887.75;2026-04-13 18:56:07;6895.25;BUY;1;37.5;35.9
202604033096;MES;/MESM26:XCME;2026-04-13 18:34:01;6886.75;2026-04-13 19:05:24;6894.25;BUY;1;37.5;35.9
202604033096;MNQ;/MNQM26:XCME;2026-04-14 17:11:51;25921.5;2026-04-14 17:16:13;25930.75;SELL;-1;-18.5;-20.1
202604033096;MNQ;/MNQM26:XCME;2026-04-14 17:10:13;25919.5;2026-04-14 17:16:13;25930.75;SELL;-1;-22.5;-24.1
202604033096;MNQ;/MNQM26:XCME;2026-04-14 17:32:39;25954;2026-04-14 17:38:02;25959.25;SELL;-1;-10.5;-12.1
202604033096;MNQ;/MNQM26:XCME;2026-04-14 17:31:07;25946.75;2026-04-14 17:38:02;25959.25;SELL;-1;-25;-26.6
202604033096;MES;/MESM26:XCME;2026-04-16 15:29:28;7073.5;2026-04-16 15:36:55;7079;SELL;-1;-27.5;-29.1
202604033096;MES;/MESM26:XCME;2026-04-16 15:22:41;7078.5;2026-04-16 15:36:55;7079;SELL;-1;-2.5;-4.1
202604033096;MES;/MESM26:XCME;2026-04-16 15:51:30;7077.5;2026-04-16 16:21:31;7084.5;BUY;2;70;66.8
202604033096;MES;/MESM26:XCME;2026-04-16 17:11:25;7067.75;2026-04-16 17:14:20;7062.5;BUY;1;-26.25;-27.85
202604033096;MNQ;/MNQM26:XCME;2026-04-16 17:25:55;26488.25;2026-04-16 17:27:34;26472;BUY;1;-32.5;-34.1
202604033096;MNQ;/MNQM26:XCME;2026-04-16 17:32:00;26489;2026-04-16 17:37:51;26464;BUY;1;-50;-51.6
202604033096;MNQ;/MNQM26:XCME;2026-04-16 17:40:30;26489.25;2026-04-16 17:55:13;26469.75;BUY;1;-39;-40.6
202604033096;MNQ;/MNQM26:XCME;2026-04-16 17:40:15;26485.25;2026-04-16 17:55:13;26469.75;BUY;1;-31;-32.6
202604033096;MNQ;/MNQM26:XCME;2026-04-16 17:39:05;26478.5;2026-04-16 17:55:13;26469.75;BUY;1;-17.5;-19.1
202604033096;MNQ;/MNQM26:XCME;2026-04-16 18:03:37;26448;2026-04-16 18:07:41;26432;SELL;-1;32;30.4
202604033096;MNQ;/MNQM26:XCME;2026-04-16 18:03:37;26448;2026-04-16 18:07:41;26432;SELL;-1;32;30.4
202604033096;MNQ;/MNQM26:XCME;2026-04-16 18:03:36;26451.25;2026-04-16 18:07:41;26432;SELL;-1;38.5;36.9
202604033096;MNQ;/MNQM26:XCME;2026-04-16 18:07:55;26421.75;2026-04-16 18:09:52;26403.5;SELL;-1;36.5;34.9
202604033096;MNQ;/MNQM26:XCME;2026-04-16 18:22:25;26396.5;2026-04-16 18:28:39;26361.5;SELL;-1;70;68.4
202604033096;MNQ;/MNQM26:XCME;2026-04-16 18:20:11;26401.75;2026-04-16 18:31:39;26401.25;SELL;-1;1;-0.6000000000000001
202604033096;MNQ;/MNQM26:XCME;2026-04-16 18:55:35;26423.25;2026-04-16 18:59:52;26436.5;SELL;-1;-26.5;-28.1
202604033096;MNQ;/MNQM26:XCME;2026-04-16 18:50:08;26430;2026-04-16 18:59:52;26436.5;SELL;-1;-13;-14.6
202604033096;MNQ;/MNQM26:XCME;2026-04-16 19:00:14;26446.5;2026-04-16 19:06:56;26448.75;BUY;1;4.5;2.9
202604033096;MNQ;/MNQM26:XCME;2026-04-16 19:16:37;26450;2026-04-16 19:30:37;26450;SELL;-1;-0;-1.6
202604033096;MNQ;/MNQM26:XCME;2026-04-16 19:31:44;26455.5;2026-04-16 19:45:10;26461.25;BUY;1;11.5;9.9
202604033096;MNQ;/MNQM26:XCME;2026-04-16 19:31:41;26454.75;2026-04-16 19:45:10;26461.25;BUY;1;13;11.4
202604033096;MNQ;/MNQM26:XCME;2026-04-16 19:31:28;26453;2026-04-16 19:45:10;26461.25;BUY;1;16.5;14.9
202604033096;MNQ;/MNQM26:XCME;2026-04-16 19:45:28;26472.75;2026-04-16 19:50:13;26473.5;BUY;1;1.5;-0.10000000000000009
202604033096;MES;/MESM26:XCME;2026-04-17 15:18:49;7165.5;2026-04-17 15:19:35;7160.75;SELL;-1;23.75;22.15
202604033096;MES;/MESM26:XCME;2026-04-17 15:18:30;7166.25;2026-04-17 15:23:26;7167.25;SELL;-1;-5;-6.6
202604033096;MES;/MESM26:XCME;2026-04-17 15:17:43;7168;2026-04-17 15:23:26;7167.25;SELL;-1;3.75;2.15
202604033096;MES;/MESM26:XCME;2026-04-17 15:16:33;7167;2026-04-17 15:23:26;7167.25;SELL;-1;-1.25;-2.85
202604033096;ES;/ESM26:XCME;2026-04-17 15:26:38;7166.75;2026-04-17 15:29:00;7166.75;BUY;1;0;-5
202604033096;ES;/ESM26:XCME;2026-04-17 15:43:40;7167.25;2026-04-17 15:44:05;7167.25;SELL;-1;-0;-5
202604033096;ES;/ESM26:XCME;2026-04-17 15:47:10;7166.5;2026-04-17 15:48:19;7168.25;SELL;-1;-87.5;-92.5
202604033096;ES;/ESM26:XCME;2026-04-17 15:51:14;7174.5;2026-04-17 15:52:39;7172.5;BUY;1;-100;-105
202604033096;MES;/MESM26:XCME;2026-04-17 15:59:18;7169.75;2026-04-17 16:01:18;7170;SELL;-1;-1.25;-2.85
202604033096;MES;/MESM26:XCME;2026-04-17 15:58:30;7171.5;2026-04-17 16:01:18;7170;SELL;-1;7.5;5.9
202604033096;MES;/MESM26:XCME;2026-04-17 16:08:18;7177.25;2026-04-17 16:09:35;7174;BUY;1;-16.25;-17.85
202604033096;MES;/MESM26:XCME;2026-04-17 16:08:16;7176.75;2026-04-17 16:09:35;7174;BUY;1;-13.75;-15.35
202604033096;MES;/MESM26:XCME;2026-04-17 16:07:30;7175.25;2026-04-17 16:09:35;7174;BUY;1;-6.25;-7.85
202604033096;MNQ;/MNQM26:XCME;2026-04-17 16:11:51;26853.25;2026-04-17 16:16:43;26839;BUY;1;-28.5;-30.1
202604033096;MNQ;/MNQM26:XCME;2026-04-17 16:11:19;26849;2026-04-17 16:16:43;26839;BUY;1;-20;-21.6
202604033096;MNQ;/MNQM26:XCME;2026-04-17 16:19:56;26835.75;2026-04-17 16:22:35;26844.25;SELL;-1;-17;-18.6
202604033096;MNQ;/MNQM26:XCME;2026-04-17 16:27:46;26851.75;2026-04-17 16:32:00;26874.5;BUY;1;45.5;43.9
202604033096;MNQ;/MNQM26:XCME;2026-04-17 16:24:03;26845.75;2026-04-17 16:32:01;26874.5;BUY;1;57.5;55.9
202604033096;MNQ;/MNQM26:XCME;2026-04-17 16:23:57;26847.5;2026-04-17 16:37:59;26874;BUY;1;53;51.4
202604033096;MNQ;/MNQM26:XCME;2026-04-17 16:23:50;26845.5;2026-04-17 16:37:59;26874;BUY;1;57;55.4
202604033096;MNQ;/MNQM26:XCME;2026-04-17 17:18:29;26823.5;2026-04-17 17:20:44;26805.5;SELL;-1;36;34.4
202604033096;MNQ;/MNQM26:XCME;2026-04-17 17:18:09;26829;2026-04-17 17:21:15;26789.75;SELL;-1;78.5;76.9
202604033096;MNQ;/MNQM26:XCME;2026-04-17 17:24:20;26790.5;2026-04-17 17:24:29;26778.5;BUY;1;-24;-25.6
202604033096;MNQ;/MNQM26:XCME;2026-04-17 17:30:11;26788;2026-04-17 17:37:02;26775.75;SELL;-1;24.5;22.9
202604033096;MNQ;/MNQM26:XCME;2026-04-17 17:30:05;26782;2026-04-17 17:37:02;26775.75;SELL;-1;12.5;10.9
202604033096;MNQ;/MNQM26:XCME;2026-04-17 17:56:47;26826.5;2026-04-17 17:58:30;26814;BUY;1;-25;-26.6
202604033096;MNQ;/MNQM26:XCME;2026-04-17 17:59:06;26808;2026-04-17 18:01:41;26818.5;SELL;-1;-21;-22.6
202604033096;MNQ;/MNQM26:XCME;2026-04-17 18:10:16;26783.25;2026-04-17 18:18:02;26789.75;SELL;-1;-13;-14.6
202604033096;MNQ;/MNQM26:XCME;2026-04-17 18:03:33;26800.5;2026-04-17 18:18:02;26789.75;SELL;-1;21.5;19.9
202604033096;MNQ;/MNQM26:XCME;2026-04-17 18:19:58;26777.5;2026-04-17 18:23:43;26781.25;SELL;-1;-7.5;-9.1
202604033096;MNQ;/MNQM26:XCME;2026-04-17 18:32:01;26798.75;2026-04-17 18:33:44;26808.25;SELL;-1;-19;-20.6
202604033096;MNQ;/MNQM26:XCME;2026-04-17 18:29:10;26779.75;2026-04-17 18:33:44;26808.25;SELL;-1;-57;-58.6
202604033096;MNQ;/MNQM26:XCME;2026-04-17 18:36:08;26809.5;2026-04-17 18:39:45;26800.5;BUY;1;-18;-19.6
202604033096;MNQ;/MNQM26:XCME;2026-04-17 18:40:35;26811;2026-04-17 18:41:20;26802;BUY;1;-18;-19.6
202604033096;MNQ;/MNQM26:XCME;2026-04-17 18:42:27;26795.75;2026-04-17 18:49:38;26805.25;SELL;-1;-19;-20.6
202604033096;MNQ;/MNQM26:XCME;2026-04-17 18:42:21;26795.75;2026-04-17 18:49:38;26805.25;SELL;-1;-19;-20.6
202604033096;MNQ;/MNQM26:XCME;2026-04-17 18:42:13;26799.75;2026-04-17 18:49:38;26805.25;SELL;-1;-11;-12.6
202604033096;MNQ;/MNQM26:XCME;2026-04-17 18:52:27;26778;2026-04-17 18:53:39;26784;SELL;-1;-12;-13.6
202604033096;MNQ;/MNQM26:XCME;2026-04-17 18:52:09;26788.25;2026-04-17 18:53:39;26784;SELL;-1;8.5;6.9
202604033096;MNQ;/MNQM26:XCME;2026-04-17 18:56:01;26795.5;2026-04-17 18:56:18;26797.5;SELL;-1;-4;-5.6
202604033096;MNQ;/MNQM26:XCME;2026-04-17 18:55:58;26791.25;2026-04-17 18:56:18;26797.5;SELL;-1;-12.5;-14.1
202604033096;MNQ;/MNQM26:XCME;2026-04-17 18:55:31;26788.25;2026-04-17 18:56:18;26797.5;SELL;-1;-18.5;-20.1
202604033096;MNQ;/MNQM26:XCME;2026-04-17 19:28:54;26777;2026-04-17 19:31:09;26793.5;SELL;-5;-165;-173
202604033096;MNQ;/MNQM26:XCME;2026-04-17 19:53:31;26806.75;2026-04-17 19:56:22;26829.5;BUY;3;136.5;131.7
202604033096;MNQ;/MNQM26:XCME;2026-04-17 19:53:31;26806.75;2026-04-17 19:59:40;26819.25;BUY;2;50;46.8
202604033096;ES;/ESM26:XCME;2026-04-20 03:09:08;7121.75;2026-04-20 03:20:57;7122.5;SELL;-1;-37.5;-42.5
202604033096;ES;/ESM26:XCME;2026-04-20 03:39:01;7121.75;2026-04-20 03:40:16;7121.5;BUY;1;-12.5;-17.5
202604033096;ES;/ESM26:XCME;2026-04-20 14:23:11;7154.5;2026-04-20 14:27:40;7153.5;BUY;1;-50;-55
202604033096;ES;/ESM26:XCME;2026-04-20 14:41:36;7141.25;2026-04-20 14:49:12;7145.25;SELL;-1;-200;-205
202604033096;ES;/ESM26:XCME;2026-04-20 14:54:48;7135.75;2026-04-20 15:08:33;7125;SELL;-1;537.5;532.5
202604033096;MNQ;/MNQM26:XCME;2026-04-20 15:41:05;26682;2026-04-20 15:44:06;26650.25;SELL;-2;127;123.8
202604033096;MNQ;/MNQM26:XCME;2026-04-20 15:35:51;26665;2026-04-20 15:47:39;26669;SELL;-1;-8;-9.6
202604033096;MNQ;/MNQM26:XCME;2026-04-20 15:35:42;26666.75;2026-04-20 15:47:39;26669;SELL;-1;-4.5;-6.1
202604033096;MNQ;/MNQM26:XCME;2026-04-20 15:35:34;26657.75;2026-04-20 15:47:39;26669;SELL;-1;-22.5;-24.1
202604033096;MNQ;/MNQM26:XCME;2026-04-20 15:49:15;26665.5;2026-04-20 15:52:02;26646.75;SELL;-2;75;71.8
202604033096;MNQ;/MNQM26:XCME;2026-04-20 16:00:50;26661;2026-04-20 16:01:24;26648;BUY;2;-52;-55.2
202604033096;MNQ;/MNQM26:XCME;2026-04-20 16:00:35;26662;2026-04-20 16:01:24;26648;BUY;2;-56;-59.2
202604033096;MNQ;/MNQM26:XCME;2026-04-20 16:05:18;26651.75;2026-04-20 16:06:08;26666.25;SELL;-1;-29;-30.6
202604033096;MNQ;/MNQM26:XCME;2026-04-20 16:04:08;26644.75;2026-04-20 16:06:08;26666.25;SELL;-1;-43;-44.6
202604033096;MNQ;/MNQM26:XCME;2026-04-20 16:06:17;26662.5;2026-04-20 16:13:20;26675.75;BUY;1;26.5;24.9
202604033096;MNQ;/MNQM26:XCME;2026-04-20 16:06:09;26666.5;2026-04-20 16:13:20;26675.75;BUY;1;18.5;16.9
202604033096;MNQ;/MNQM26:XCME;2026-04-20 16:16:08;26665.25;2026-04-20 16:19:46;26675.75;SELL;-1;-21;-22.6
202604033096;MNQ;/MNQM26:XCME;2026-04-20 16:15:52;26670;2026-04-20 16:19:46;26675.75;SELL;-1;-11.5;-13.1
202604033096;MNQ;/MNQM26:XCME;2026-04-20 16:22:12;26675.5;2026-04-20 16:25:57;26670.75;BUY;1;-9.5;-11.1
202604033096;MNQ;/MNQM26:XCME;2026-04-20 16:19:50;26680.5;2026-04-20 16:25:57;26670.75;BUY;1;-19.5;-21.1
202604033096;MNQ;/MNQM26:XCME;2026-04-20 16:19:48;26677.5;2026-04-20 16:25:57;26670.75;BUY;1;-13.5;-15.1
202604033096;MNQ;/MNQM26:XCME;2026-04-20 16:33:27;26686.75;2026-04-20 16:35:39;26681.5;BUY;1;-10.5;-12.1
202604033096;MNQ;/MNQM26:XCME;2026-04-20 16:30:09;26681.5;2026-04-20 16:35:39;26681.5;BUY;1;0;-1.6
202604033096;MNQ;/MNQM26:XCME;2026-04-20 16:30:08;26680.75;2026-04-20 16:35:39;26681.5;BUY;1;1.5;-0.10000000000000009
202604033096;MNQ;/MNQM26:XCME;2026-04-20 16:38:46;26675.75;2026-04-20 16:41:02;26679.5;SELL;-1;-7.5;-9.1
202604033096;MNQ;/MNQM26:XCME;2026-04-20 16:38:21;26674.5;2026-04-20 16:41:02;26679.5;SELL;-1;-10;-11.6
202604033096;MNQ;/MNQM26:XCME;2026-04-20 16:37:55;26671.5;2026-04-20 16:41:02;26679.5;SELL;-1;-16;-17.6
202604033096;MNQ;/MNQM26:XCME;2026-04-20 16:42:07;26692.75;2026-04-20 16:51:08;26677;BUY;1;-31.5;-33.1
202604033096;MNQ;/MNQM26:XCME;2026-04-20 16:51:14;26677.25;2026-04-20 16:52:57;26686;SELL;-1;-17.5;-19.1
202604033096;MNQ;/MNQM26:XCME;2026-04-20 17:01:30;26675.25;2026-04-20 17:02:13;26667.25;BUY;1;-16;-17.6
202604033096;MNQ;/MNQM26:XCME;2026-04-20 17:00:56;26684.25;2026-04-20 17:02:13;26667.25;BUY;1;-34;-35.6
202604033096;MNQ;/MNQM26:XCME;2026-04-20 17:02:20;26666;2026-04-20 17:02:55;26675.25;SELL;-1;-18.5;-20.1
202604033096;MNQ;/MNQM26:XCME;2026-04-20 17:02:20;26665.25;2026-04-20 17:02:55;26675.25;SELL;-1;-20;-21.6
202604033096;MNQ;/MNQM26:XCME;2026-04-20 17:02:20;26665.25;2026-04-20 17:02:55;26675.25;SELL;-1;-20;-21.6
202604033096;MNQ;/MNQM26:XCME;2026-04-20 17:02:20;26665.25;2026-04-20 17:02:55;26675.25;SELL;-1;-20;-21.6
202604033096;MNQ;/MNQM26:XCME;2026-04-20 17:02:20;26665;2026-04-20 17:02:55;26675.25;SELL;-1;-20.5;-22.1
202604033096;MNQ;/MNQM26:XCME;2026-04-20 17:02:19;26664.5;2026-04-20 17:02:55;26675.25;SELL;-1;-21.5;-23.1
202604033096;MNQ;/MNQM26:XCME;2026-04-20 17:04:26;26682.25;2026-04-20 17:05:13;26669.5;BUY;1;-25.5;-27.1
202604033096;MNQ;/MNQM26:XCME;2026-04-20 17:03:03;26682.25;2026-04-20 17:05:13;26669.5;BUY;1;-25.5;-27.1
202604033096;MNQ;/MNQM26:XCME;2026-04-20 17:05:17;26669.25;2026-04-20 17:08:19;26688.25;SELL;-1;-38;-39.6
202604033096;MNQ;/MNQM26:XCME;2026-04-20 17:05:17;26669.25;2026-04-20 17:08:19;26688.25;SELL;-1;-38;-39.6
202604033096;MNQ;/MNQM26:XCME;2026-04-20 17:05:17;26669.25;2026-04-20 17:08:23;26689.25;SELL;-1;-40;-41.6
202604033096;MNQ;/MNQM26:XCME;2026-04-20 17:05:15;26669.5;2026-04-20 17:08:23;26689.25;SELL;-1;-39.5;-41.1
202604033096;MNQ;/MNQM26:XCME;2026-04-20 17:05:15;26669.5;2026-04-20 17:08:29;26688;SELL;-1;-37;-38.6
202604033096;MNQ;/MNQM26:XCME;2026-04-20 17:05:15;26669.25;2026-04-20 17:08:29;26688;SELL;-1;-37.5;-39.1
202604033096;MNQ;/MNQM26:XCME;2026-04-20 17:05:14;26669.5;2026-04-20 17:08:47;26689.75;SELL;-1;-40.5;-42.1
202604033096;MNQ;/MNQM26:XCME;2026-04-20 17:17:46;26701.5;2026-04-20 17:19:10;26710;BUY;1;17;15.4
202604033096;MNQ;/MNQM26:XCME;2026-04-20 17:17:31;26698.5;2026-04-20 17:19:10;26710;BUY;1;23;21.4
202604033096;MNQ;/MNQM26:XCME;2026-04-20 17:09:41;26691.75;2026-04-20 17:19:10;26710;BUY;1;36.5;34.9
202604033096;MNQ;/MNQM26:XCME;2026-04-20 17:23:10;26713;2026-04-20 17:29:30;26699.75;BUY;1;-26.5;-28.1
202604033096;MNQ;/MNQM26:XCME;2026-04-20 17:09:41;26691.75;2026-04-20 17:29:30;26699.75;BUY;1;16;14.4
202604033096;MNQ;/MNQM26:XCME;2026-04-20 17:08:51;26690.75;2026-04-20 17:29:30;26699.75;BUY;2;36;32.8
202604033096;MNQ;/MNQM26:XCME;2026-04-20 17:08:47;26689.75;2026-04-20 17:29:30;26699.75;BUY;1;20;18.4
202604033096;MNQ;/MNQM26:XCME;2026-04-20 17:31:36;26693.5;2026-04-20 17:35:39;26696.25;SELL;-1;-5.5;-7.1
202604033096;MNQ;/MNQM26:XCME;2026-04-20 17:31:18;26692.5;2026-04-20 17:35:39;26696.25;SELL;-1;-7.5;-9.1
202604033096;MNQ;/MNQM26:XCME;2026-04-20 17:40:57;26707.75;2026-04-20 17:41:14;26703.75;BUY;1;-8;-9.6
202604033096;MNQ;/MNQM26:XCME;2026-04-20 17:40:56;26706.5;2026-04-20 17:41:14;26703.75;BUY;1;-5.5;-7.1
202604033096;MNQ;/MNQM26:XCME;2026-04-20 17:42:35;26694.75;2026-04-20 17:48:33;26718.25;SELL;-1;-47;-48.6
202604033096;MNQ;/MNQM26:XCME;2026-04-20 17:42:28;26697;2026-04-20 17:48:33;26718.25;SELL;-1;-42.5;-44.1
202604033096;MNQ;/MNQM26:XCME;2026-04-20 17:50:26;26721;2026-04-20 17:57:15;26707;BUY;1;-28;-29.6
202604033096;MNQ;/MNQM26:XCME;2026-04-20 17:50:06;26721;2026-04-20 17:57:15;26707;BUY;1;-28;-29.6
202604033096;MNQ;/MNQM26:XCME;2026-04-20 17:50:02;26719.75;2026-04-20 17:57:15;26707;BUY;1;-25.5;-27.1
202604033096;MNQ;/MNQM26:XCME;2026-04-20 18:05:55;26717.75;2026-04-20 18:07:21;26724.75;SELL;-1;-14;-15.6
202604033096;MNQ;/MNQM26:XCME;2026-04-20 18:03:01;26714;2026-04-20 18:07:21;26724.75;SELL;-1;-21.5;-23.1
202604033096;MNQ;/MNQM26:XCME;2026-04-20 17:57:35;26708.25;2026-04-20 18:07:21;26724.75;SELL;-1;-33;-34.6
202604033096;MNQ;/MNQM26:XCME;2026-04-20 17:57:32;26707.75;2026-04-20 18:07:21;26724.75;SELL;-1;-34;-35.6
202604033096;MNQ;/MNQM26:XCME;2026-04-20 18:11:54;26709.25;2026-04-20 18:19:13;26732.25;SELL;-1;-46;-47.6
202604033096;MNQ;/MNQM26:XCME;2026-04-20 18:11:54;26709.25;2026-04-20 18:19:13;26732.25;SELL;-1;-46;-47.6
202604033096;MNQ;/MNQM26:XCME;2026-04-20 18:11:53;26704;2026-04-20 18:19:13;26732.25;SELL;-1;-56.5;-58.1
202604033096;MNQ;/MNQM26:XCME;2026-04-20 18:11:49;26700.75;2026-04-20 18:19:13;26732.25;SELL;-1;-63;-64.6
202604033096;MNQ;/MNQM26:XCME;2026-04-20 18:11:48;26708.5;2026-04-20 18:19:13;26732.25;SELL;-1;-47.5;-49.1
202604033096;MNQ;/MNQM26:XCME;2026-04-20 18:11:47;26710.25;2026-04-20 18:19:13;26732.25;SELL;-1;-44;-45.6
202604033096;MNQ;/MNQM26:XCME;2026-04-21 14:49:00;26800;2026-04-21 15:00:00;26740.25;SELL;-1;119.5;117.9
202604033096;MNQ;/MNQM26:XCME;2026-04-21 14:46:21;26805.5;2026-04-21 15:00:00;26740.25;SELL;-1;130.5;128.9
202604033096;MNQ;/MNQM26:XCME;2026-04-21 15:30:04;26736;2026-04-21 15:47:23;26742.5;SELL;-1;-13;-14.6
202604033096;MNQ;/MNQM26:XCME;2026-04-21 15:19:32;26781;2026-04-21 15:47:23;26742.5;SELL;-1;77;75.4
202604033096;MNQ;/MNQM26:XCME;2026-04-21 15:50:01;26733;2026-04-21 15:51:46;26719.25;BUY;1;-27.5;-29.1
202604033096;MNQ;/MNQM26:XCME;2026-04-21 15:47:30;26743;2026-04-21 15:51:46;26719.25;BUY;1;-47.5;-49.1
202604033096;MNQ;/MNQM26:XCME;2026-04-21 16:00:21;26750;2026-04-21 16:00:30;26755.25;SELL;-1;-10.5;-12.1
202604033096;MNQ;/MNQM26:XCME;2026-04-21 15:56:12;26741.75;2026-04-21 16:00:30;26755.25;SELL;-1;-27;-28.6
202604033096;MNQ;/MNQM26:XCME;2026-04-21 15:55:57;26731.75;2026-04-21 16:00:30;26755.25;SELL;-1;-47;-48.6
202604033096;MNQ;/MNQM26:XCME;2026-04-21 15:55:09;26723;2026-04-21 16:00:30;26755.25;SELL;-1;-64.5;-66.1
202604033096;MNQ;/MNQM26:XCME;2026-04-21 16:05:41;26741.5;2026-04-21 16:08:35;26754;SELL;-1;-25;-26.6
202604033096;ES;/ESM26:XCME;2026-04-21 17:11:11;7108;2026-04-21 17:11:36;7107.5;SELL;-1;25;20
202604033096;ES;/ESM26:XCME;2026-04-21 17:12:32;7106.5;2026-04-21 17:13:51;7105.25;SELL;-1;62.5;57.5
202604033096;ES;/ESM26:XCME;2026-04-21 17:17:38;7106;2026-04-21 17:18:24;7102.25;SELL;-1;187.5;182.5
202604033096;MNQ;/MNQM26:XCME;2026-04-21 17:59:28;26696.25;2026-04-21 18:01:25;26717.75;BUY;1;43;41.4
202604033096;MNQ;/MNQM26:XCME;2026-04-21 17:57:30;26692.5;2026-04-21 18:02:57;26728;BUY;1;71;69.4
202604033096;MNQ;/MNQM26:XCME;2026-04-21 17:57:16;26691;2026-04-21 18:16:33;26694.75;BUY;1;7.5;5.9
202604033096;MNQ;/MNQM26:XCME;2026-04-21 19:15:06;26745.5;2026-04-21 19:21:19;26768;SELL;-1;-45;-46.6
202604033096;MNQ;/MNQM26:XCME;2026-04-21 19:30:00;26781.25;2026-04-21 19:32:38;26779.25;BUY;1;-4;-5.6
202604033096;MNQ;/MNQM26:XCME;2026-04-21 19:33:16;26776;2026-04-21 19:35:44;26753.75;SELL;-1;44.5;42.9
202604033096;MNQ;/MNQM26:XCME;2026-04-21 19:33:12;26776.25;2026-04-21 19:44:13;26569.75;SELL;-1;413;411.4
202604033096;MNQ;/MNQM26:XCME;2026-04-22 17:09:56;27004;2026-04-22 17:14:00;27016.5;BUY;1;25;23.4
202604033096;ES;/ESM26:XCME;2026-04-22 17:30:23;7160.5;2026-04-22 17:30:38;7161.75;SELL;-1;-62.5;-67.5
202604033096;ES;/ESM26:XCME;2026-04-22 17:30:54;7161.5;2026-04-22 17:37:02;7158.5;BUY;1;-150;-155
202604033096;ES;/ESM26:XCME;2026-04-22 17:37:51;7158.75;2026-04-22 17:39:45;7159.5;SELL;-1;-37.5;-42.5
202604033096;ES;/ESM26:XCME;2026-04-22 17:37:04;7158.25;2026-04-22 17:39:47;7159.5;SELL;-1;-62.5;-67.5
202604033096;ES;/ESM26:XCME;2026-04-22 17:43:42;7161.75;2026-04-22 17:45:50;7158.75;BUY;1;-150;-155
202604033096;ES;/ESM26:XCME;2026-04-22 17:40:38;7160.25;2026-04-22 17:45:50;7158.75;BUY;1;-75;-80
202604033096;ES;/ESM26:XCME;2026-04-22 17:47:42;7158.5;2026-04-22 17:48:17;7162;SELL;-1;-175;-180
202604033096;ES;/ESM26:XCME;2026-04-22 17:49:49;7160.25;2026-04-22 18:00:10;7157;BUY;1;-162.5;-167.5
202604033096;ES;/ESM26:XCME;2026-04-22 17:49:13;7159.75;2026-04-22 18:00:10;7157;BUY;1;-137.5;-142.5
202604033096;ES;/ESM26:XCME;2026-04-23 17:19:52;7121;2026-04-23 17:36:38;7123;BUY;1;100;95
202604033096;ES;/ESM26:XCME;2026-04-23 17:36:53;7115;2026-04-23 17:41:09;7106;SELL;-1;450;445
202604033096;ES;/ESM26:XCME;2026-04-23 17:46:40;7085;2026-04-23 17:48:54;7092.5;BUY;1;375;370
202604033096;ES;/ESM26:XCME;2026-04-23 17:51:42;7089.25;2026-04-23 17:53:19;7104;BUY;1;737.5;732.5
202604033096;ES;/ESM26:XCME;2026-04-23 17:55:32;7117.5;2026-04-23 17:56:28;7123;BUY;1;275;270
202604033096;ES;/ESM26:XCME;2026-04-23 18:06:52;7134;2026-04-23 18:10:46;7131.5;BUY;1;-125;-130
202604033096;ES;/ESM26:XCME;2026-04-23 18:11:55;7136.25;2026-04-23 18:12:29;7129.75;BUY;1;-325;-330
202604033096;ES;/ESM26:XCME;2026-04-23 18:14:56;7135;2026-04-23 18:18:03;7135;BUY;1;0;-5
202604033096;ES;/ESM26:XCME;2026-04-23 18:22:22;7139.5;2026-04-23 18:29:37;7142.25;SELL;-1;-137.5;-142.5
202604033096;ES;/ESM26:XCME;2026-04-28 16:20:35;7158.5;2026-04-28 16:21:54;7156.75;BUY;1;-87.5;-92.5
202604033096;MNQ;/MNQM26:XCME;2026-04-28 16:29:54;27070.25;2026-04-28 16:34:35;27045.25;BUY;1;-50;-51.6
202604033096;MNQ;/MNQM26:XCME;2026-04-28 16:29:11;27073.5;2026-04-28 16:34:35;27045.25;BUY;1;-56.5;-58.1
202604033096;MNQ;/MNQM26:XCME;2026-04-28 16:42:03;27036.25;2026-04-28 16:43:40;27029.75;BUY;1;-13;-14.6
202604033096;MNQ;/MNQM26:XCME;2026-04-28 16:41:21;27049;2026-04-28 16:43:40;27029.75;BUY;1;-38.5;-40.1
202604033096;MES;/MESM26:XCME;2026-04-28 16:53:36;7156.5;2026-04-28 17:00:26;7156.25;SELL;-1;1.25;-0.3500000000000001
202604033096;MES;/MESM26:XCME;2026-04-28 16:53:36;7156.5;2026-04-28 17:00:26;7156.25;SELL;-1;1.25;-0.3500000000000001
202604033096;MES;/MESM26:XCME;2026-04-28 16:53:33;7156;2026-04-28 17:00:26;7156.25;SELL;-1;-1.25;-2.85
202604033096;MES;/MESM26:XCME;2026-04-28 16:53:01;7155;2026-04-28 17:00:26;7156.25;SELL;-1;-6.25;-7.85
202604033096;MES;/MESM26:XCME;2026-04-28 16:50:18;7154.5;2026-04-28 17:00:26;7156.25;SELL;-1;-8.75;-10.35
202604033096;MES;/MESM26:XCME;2026-04-28 16:50:18;7154.5;2026-04-28 17:00:26;7156.25;SELL;-1;-8.75;-10.35
202604033096;MES;/MESM26:XCME;2026-04-28 16:50:17;7153.25;2026-04-28 17:00:26;7156.25;SELL;-1;-15;-16.6
202604033096;MES;/MESM26:XCME;2026-04-28 16:50:17;7153.25;2026-04-28 17:00:26;7156.25;SELL;-1;-15;-16.6
202604033096;MES;/MESM26:XCME;2026-04-28 17:02:47;7153.25;2026-04-28 17:12:11;7152.75;SELL;-1;2.5;0.8999999999999999
202604033096;MES;/MESM26:XCME;2026-04-28 17:02:38;7153.25;2026-04-28 17:12:11;7152.75;SELL;-1;2.5;0.8999999999999999
202604033096;MES;/MESM26:XCME;2026-04-28 17:02:33;7153.75;2026-04-28 17:12:11;7152.75;SELL;-1;5;3.4
202604033096;MES;/MESM26:XCME;2026-04-28 17:13:25;7152.5;2026-04-28 17:16:35;7150.75;BUY;1;-8.75;-10.35
202604033096;MES;/MESM26:XCME;2026-04-28 17:12:33;7153;2026-04-28 17:16:35;7150.75;BUY;1;-11.25;-12.85
202604033096;MES;/MESM26:XCME;2026-04-28 17:12:29;7153;2026-04-28 17:16:35;7150.75;BUY;1;-11.25;-12.85
202604033096;MES;/MESM26:XCME;2026-04-28 17:12:23;7153.25;2026-04-28 17:16:35;7150.75;BUY;1;-12.5;-14.1
202604033096;MES;/MESM26:XCME;2026-04-28 17:16:42;7150.5;2026-04-28 17:25:22;7152.75;SELL;-1;-11.25;-12.85
202604033096;MES;/MESM26:XCME;2026-04-28 17:16:42;7150.5;2026-04-28 17:25:22;7152.75;SELL;-1;-11.25;-12.85
202604033096;MES;/MESM26:XCME;2026-04-28 17:16:42;7150.5;2026-04-28 17:25:22;7152.75;SELL;-1;-11.25;-12.85
202604033096;MES;/MESM26:XCME;2026-04-28 17:16:42;7150.5;2026-04-28 17:25:22;7152.75;SELL;-1;-11.25;-12.85
202604033096;MES;/MESM26:XCME;2026-04-28 17:16:42;7150.5;2026-04-28 17:25:22;7152.75;SELL;-1;-11.25;-12.85
202604033096;MES;/MESM26:XCME;2026-04-28 17:29:42;7154.5;2026-04-28 17:36:18;7159.75;BUY;1;26.25;24.65
202604033096;MES;/MESM26:XCME;2026-04-28 17:29:13;7156.5;2026-04-28 17:36:18;7159.75;BUY;1;16.25;14.65
202604033096;MES;/MESM26:XCME;2026-04-28 17:27:58;7155.5;2026-04-28 17:36:18;7159.75;BUY;1;21.25;19.65
202604033096;MES;/MESM26:XCME;2026-04-28 17:27:58;7155.5;2026-04-28 17:36:18;7159.75;BUY;1;21.25;19.65
202604033096;MES;/MESM26:XCME;2026-04-28 17:27:43;7154.25;2026-04-28 17:36:18;7159.75;BUY;1;27.5;25.9
202604033096;MES;/MESM26:XCME;2026-04-28 17:51:26;7162.75;2026-04-28 17:55:22;7163.25;SELL;-1;-2.5;-4.1
202604033096;MES;/MESM26:XCME;2026-04-28 17:51:18;7162.5;2026-04-28 17:55:22;7163.25;SELL;-1;-3.75;-5.35
202604033096;MES;/MESM26:XCME;2026-04-28 17:50:52;7161;2026-04-28 17:55:22;7163.25;SELL;-1;-11.25;-12.85
202604033096;MES;/MESM26:XCME;2026-04-28 17:50:31;7160.5;2026-04-28 17:55:22;7163.25;SELL;-1;-13.75;-15.35
202604033096;MES;/MESM26:XCME;2026-04-28 17:50:31;7160.25;2026-04-28 17:55:22;7163.25;SELL;-1;-15;-16.6
202604033096;MES;/MESM26:XCME;2026-04-28 18:41:16;7165.75;2026-04-28 18:59:22;7170;SELL;-1;-21.25;-22.85
202604033096;MES;/MESM26:XCME;2026-04-28 18:41:16;7165.75;2026-04-28 18:59:22;7170;SELL;-1;-21.25;-22.85
202604033096;MES;/MESM26:XCME;2026-04-28 18:31:43;7165.5;2026-04-28 18:59:22;7170;SELL;-1;-22.5;-24.1
202604033096;MES;/MESM26:XCME;2026-04-28 18:31:43;7165.5;2026-04-28 18:59:22;7170;SELL;-1;-22.5;-24.1
202604033096;MES;/MESM26:XCME;2026-04-28 18:24:53;7168;2026-04-28 18:59:22;7170;SELL;-1;-10;-11.6
202604033096;MES;/MESM26:XCME;2026-04-28 18:23:07;7167.75;2026-04-28 18:59:22;7170;SELL;-1;-11.25;-12.85
202604033096;MES;/MESM26:XCME;2026-04-28 18:23:06;7166.5;2026-04-28 18:59:22;7170;SELL;-1;-17.5;-19.1
202604033096;MES;/MESM26:XCME;2026-04-28 18:19:51;7168.25;2026-04-28 18:59:22;7170;SELL;-1;-8.75;-10.35
202604033096;MES;/MESM26:XCME;2026-04-28 18:59:35;7169.75;2026-04-28 19:00:11;7168.5;BUY;1;-6.25;-7.85
202604033096;MES;/MESM26:XCME;2026-04-28 18:59:35;7169.75;2026-04-28 19:00:11;7168.5;BUY;1;-6.25;-7.85
202604033096;MES;/MESM26:XCME;2026-04-28 19:00:59;7168.75;2026-04-28 19:02:01;7170.25;SELL;-1;-7.5;-9.1
202604033096;MES;/MESM26:XCME;2026-04-28 19:00:55;7168.75;2026-04-28 19:02:01;7170.25;SELL;-1;-7.5;-9.1
202604033096;MES;/MESM26:XCME;2026-04-28 19:00:55;7168.75;2026-04-28 19:02:01;7170.25;SELL;-1;-7.5;-9.1
202604033096;MES;/MESM26:XCME;2026-04-28 19:00:55;7168.75;2026-04-28 19:02:01;7170.25;SELL;-1;-7.5;-9.1
202604033096;MES;/MESM26:XCME;2026-04-28 19:00:55;7168.75;2026-04-28 19:02:01;7170.25;SELL;-1;-7.5;-9.1
202604033096;MES;/MESM26:XCME;2026-04-28 19:00:55;7168.75;2026-04-28 19:02:01;7170.25;SELL;-1;-7.5;-9.1
202604033096;MES;/MESM26:XCME;2026-04-28 19:00:52;7168.5;2026-04-28 19:02:01;7170.25;SELL;-1;-8.75;-10.35
202604033096;MES;/MESM26:XCME;2026-04-28 19:00:52;7168.5;2026-04-28 19:02:01;7170.25;SELL;-1;-8.75;-10.35
202604033096;MES;/MESM26:XCME;2026-04-28 19:08:20;7173.25;2026-04-28 19:20:05;7169;BUY;1;-21.25;-22.85
202604033096;MES;/MESM26:XCME;2026-04-28 19:02:07;7170.25;2026-04-28 19:20:05;7169;BUY;1;-6.25;-7.85
202604033096;MES;/MESM26:XCME;2026-04-28 19:02:05;7170.25;2026-04-28 19:20:05;7169;BUY;1;-6.25;-7.85
202604033096;MES;/MESM26:XCME;2026-04-28 19:02:05;7170.25;2026-04-28 19:20:05;7169;BUY;1;-6.25;-7.85
202604033096;MES;/MESM26:XCME;2026-04-28 19:02:04;7170.25;2026-04-28 19:20:05;7169;BUY;1;-6.25;-7.85
202604033096;MES;/MESM26:XCME;2026-04-28 19:02:04;7170.25;2026-04-28 19:20:05;7169;BUY;1;-6.25;-7.85
202604033096;MES;/MESM26:XCME;2026-04-28 19:02:04;7170.25;2026-04-28 19:20:05;7169;BUY;1;-6.25;-7.85
202604033096;MES;/MESM26:XCME;2026-04-28 19:02:04;7170.25;2026-04-28 19:20:05;7169;BUY;1;-6.25;-7.85
202604033096;MES;/MESM26:XCME;2026-04-28 19:02:04;7170.25;2026-04-28 19:20:05;7169;BUY;1;-6.25;-7.85
202604033096;MES;/MESM26:XCME;2026-04-28 19:02:03;7170.25;2026-04-28 19:20:05;7169;BUY;1;-6.25;-7.85
202604033096;MES;/MESM26:XCME;2026-04-28 19:02:03;7170.25;2026-04-28 19:20:05;7169;BUY;1;-6.25;-7.85
202604033096;MES;/MESM26:XCME;2026-04-28 19:31:01;7170;2026-04-28 19:34:55;7166.5;SELL;-1;17.5;15.9
202604033096;MES;/MESM26:XCME;2026-04-28 19:30:42;7170.25;2026-04-28 19:34:55;7166.5;SELL;-1;18.75;17.15
202604033096;MES;/MESM26:XCME;2026-04-28 19:30:42;7170.25;2026-04-28 19:35:00;7166.5;SELL;-1;18.75;17.15
202604033096;MES;/MESM26:XCME;2026-04-28 19:30:42;7170.25;2026-04-28 19:40:37;7170.5;SELL;-1;-1.25;-2.85
202604033096;MES;/MESM26:XCME;2026-04-28 19:30:42;7170.25;2026-04-28 19:40:37;7170.5;SELL;-1;-1.25;-2.85
202604033096;MES;/MESM26:XCME;2026-04-28 19:30:42;7170.25;2026-04-28 19:40:37;7170.5;SELL;-1;-1.25;-2.85
202604033096;MES;/MESM26:XCME;2026-04-28 19:30:42;7170.25;2026-04-28 19:40:37;7170.5;SELL;-1;-1.25;-2.85
202604033096;MES;/MESM26:XCME;2026-04-28 19:29:44;7169.75;2026-04-28 19:40:37;7170.5;SELL;-1;-3.75;-5.35
202604033096;MES;/MESM26:XCME;2026-04-28 19:29:39;7169.5;2026-04-28 19:40:37;7170.5;SELL;-1;-5;-6.6
202604033096;MES;/MESM26:XCME;2026-04-28 19:24:03;7172.25;2026-04-28 19:40:37;7170.5;SELL;-1;8.75;7.15
202604033096;MES;/MESM26:XCME;2026-04-28 19:24:03;7172.25;2026-04-28 19:40:37;7170.5;SELL;-1;8.75;7.15
202604033096;MES;/MESM26:XCME;2026-04-28 19:24:03;7172.25;2026-04-28 19:40:37;7170.5;SELL;-1;8.75;7.15
202604033096;MES;/MESM26:XCME;2026-04-28 19:51:11;7174.25;2026-04-28 20:02:47;7167.75;SELL;-2;65;61.8
202604033096;MES;/MESM26:XCME;2026-04-28 19:51:11;7174.25;2026-04-28 20:02:47;7167.75;SELL;-2;65;61.8
202604033096;MES;/MESM26:XCME;2026-04-28 19:50:00;7173.25;2026-04-28 20:07:41;7171.75;SELL;-2;15;11.8
202604033096;MES;/MESM26:XCME;2026-04-28 19:50:00;7173.25;2026-04-28 20:07:41;7171.75;SELL;-2;15;11.8
202604033096;MES;/MESM26:XCME;2026-04-28 19:50:00;7172.5;2026-04-28 20:07:41;7171.75;SELL;-2;7.5;4.3
202604033096;MNQ;/MNQM26:XCME;2026-04-29 16:08:46;27268.25;2026-04-29 16:22:56;27213.75;SELL;-1;109;107.4
202604033096;MNQ;/MNQM26:XCME;2026-04-29 16:06:10;27264;2026-04-29 16:22:56;27213.75;SELL;-1;100.5;98.9
202604033096;MNQ;/MNQM26:XCME;2026-04-29 16:01:57;27252.25;2026-04-29 17:31:50;27231.5;SELL;-1;41.5;39.9
202604033096;MNQ;/MNQM26:XCME;2026-04-29 15:59:35;27241.5;2026-04-29 17:31:50;27231.5;SELL;-1;20;18.4
202604033096;MNQ;/MNQM26:XCME;2026-04-29 19:19:13;27323.25;2026-04-29 19:20:57;27308.5;BUY;1;-29.5;-31.1
202604033096;MNQ;/MNQM26:XCME;2026-04-29 19:11:02;27291;2026-04-29 19:20:57;27308.5;BUY;1;35;33.4
202604033096;MNQ;/MNQM26:XCME;2026-04-29 19:32:10;27293.5;2026-04-29 19:50:15;27276.5;SELL;-1;34;32.4
202604033096;MNQ;/MNQM26:XCME;2026-04-30 17:25:00;27448.5;2026-04-30 17:30:39;27484.25;BUY;1;71.5;69.9
202604033096;MNQ;/MNQM26:XCME;2026-04-30 17:24:57;27451.75;2026-04-30 17:30:39;27484.25;BUY;1;65;63.4
202604033096;MNQ;/MNQM26:XCME;2026-04-30 17:24:22;27447.5;2026-04-30 17:30:39;27484.25;BUY;1;73.5;71.9
202604033096;MNQ;/MNQM26:XCME;2026-04-30 17:24:20;27442.5;2026-04-30 17:30:39;27484.25;BUY;1;83.5;81.9
202604033096;MNQ;/MNQM26:XCME;2026-04-30 17:24:20;27442.75;2026-04-30 17:30:39;27484.25;BUY;1;83;81.4
202604033096;MNQ;/MNQM26:XCME;2026-04-30 17:24:15;27441;2026-04-30 17:31:32;27483;BUY;1;84;82.4
202604033096;MNQ;/MNQM26:XCME;2026-04-30 17:24:02;27444;2026-04-30 17:31:32;27483;BUY;1;78;76.4
202604033096;MNQ;/MNQM26:XCME;2026-04-30 22:15:11;27637;2026-04-30 22:16:30;27636.75;BUY;1;-0.5;-2.1
202604033096;MNQ;/MNQM26:XCME;2026-04-30 22:20:21;27624;2026-04-30 22:40:02;27611.5;SELL;-2;50;46.8
202604033096;MNQ;/MNQM26:XCME;2026-04-30 22:16:30;27636.75;2026-04-30 22:40:02;27611.5;SELL;-1;50.5;48.9
